temp,population_density,rentals
57.765852403284335,41.94817839916672,604.6385568312356
50.46662435411369,38.46032957848397,534.7909268711696
56.59614612084727,42.804248541805656,621.2457391910762
63.93642500866911,51.26035426234709,717.5332842048829
49.05491287999382,32.44592900135196,524.243128780433
48.44560120135169,38.76678546652538,524.2449347355902
67.58251459512938,52.63731895014581,723.713409705813
58.94469089489303,43.688211940018704,634.41782020682
47.40436157128915,38.2219419178176,498.35781754715526
54.35513001273851,47.153190761567394,609.6816047944561
48.000611203144025,31.46997886439338,499.0240537906291
45.73790167368223,33.985987635739306,498.76972710727176
56.57014446091087,39.62827112316639,576.6158498722638
29.488821917242884,21.874048739411023,339.5391730876422
36.222749281200166,28.689081865690984,360.2590384235664
44.77294627451556,34.9202213497538,488.14837178349296
38.56885278942686,31.10380651339278,438.5885767632134
52.17470165784409,36.502391567541935,584.5672065854801
40.27906462839925,34.64206148645799,450.1173516926668
36.72529487945092,24.983795204757254,394.64659285311797
65.70215866528653,51.90498804217142,711.221364581371
46.59483698725749,39.0259204099823,525.1646069464812
50.62657286235727,44.62220142501935,557.4281025156716
40.03705885508917,24.67555331293501,393.2776995165198
48.0112590949496,26.586401736336065,490.11790030222994
51.98187323644672,41.43892935194001,562.2014848680852
38.566071182113376,36.19358492515414,423.39070648354675
53.99704283689324,46.722423205583695,591.3267820180239
45.22064904627278,35.82386872647344,483.92974410893146
45.03747737167043,36.19154144475765,517.9136875227397
43.468180802859344,37.60771489207676,483.81227265476633
65.1856136973342,51.89758687695811,753.7506002959832
50.66347399783122,41.32109551016519,548.5153052788273
40.71728258984648,33.05472304585268,433.651797814851
57.259076196433135,49.76098901932215,640.4799403313507
40.93953702686984,38.51223091696505,415.70719850318756
49.63710462404287,42.84815666157435,572.9749954505231
27.4745490007826,22.7957481318393,334.4362863732247
37.16704314813564,29.29778867223657,403.8995346211726
54.06280896391554,36.26766217228563,571.6547359456035
60.75252118286984,43.82359324669611,631.2313237994952
50.79591428616183,40.14309893518045,568.8505109308967
51.000878842980185,37.5025485470903,537.2786889372936
46.91194610510569,38.04823505138685,516.8785934851782
34.86952549644408,25.70456427991398,387.36258105958296
44.56887779102626,37.60433833481574,470.81713707658207
46.69825804722896,36.3155110270763,499.3297351944234
57.41843794822066,48.42907684633548,666.2834448840807
56.389263595136406,41.76526216700894,587.7980118525307
35.12978115466757,26.36125080867507,356.0655829100993
51.98971429092889,45.06796654916127,585.6492366334274
46.94078426271165,34.317951109536764,507.64094915420526
44.21884036950589,32.61027453032656,475.5385799663445
56.63811042005649,43.98223222439695,617.2843917724955
59.209384917268665,44.210383409547966,663.4099474745545
57.96955445528589,44.992467373765095,652.4408131027818
41.55671662579072,31.857597193584915,457.68607244550975
49.25333428000658,40.14946853532847,515.9866386563664
54.39983462322451,43.43779143823429,586.4389774543921
59.01422260705138,48.38513075108151,657.3099639834595
46.75165504284379,38.7192999837416,497.29083383701806
42.44632499210168,38.10261282149128,529.5775125669801
41.23418166068392,32.32071475773844,428.3031528593369
34.558506201637094,30.12068174855715,418.41727135112626
57.40037634113572,47.29629362735248,639.3778404633618
61.32306049645594,49.10164425573184,699.1864031427905
46.69053583275485,32.10746755252804,542.0788866261632
62.35698255367728,47.62542569657728,660.3886187681227
52.68095784785256,47.161332608680894,589.7799627552397
44.24181021741019,37.61768816988379,479.03682699343636
53.52011489732577,45.78735729784083,589.7535166059255
66.33444731910593,56.012684697146405,719.1840223112566
49.795383391021,39.9793644600047,546.0591356979054
63.08045210976293,53.10909636872884,722.1108021395407
25.795082597996835,17.189083480978994,261.8280385501281
57.23151187742961,45.62700146692064,640.4092754812747
47.75730688506221,42.5436899952188,559.575177506199
46.1536961734095,41.21959450777951,517.1091914487546
53.91912734662365,40.31574738524102,560.0936854189052
31.82475433821806,22.748880888638627,331.36741939390186
47.10597685280916,38.244208773869694,525.8360923378737
52.8726103064806,44.66052081888132,589.2823828662921
64.1356703449804,47.49158790953151,712.5683449215668
48.97079378438521,28.965295394399103,492.99027598989875
42.678934875531226,31.880440628379752,461.06570368174937
45.84251285853677,32.323806373581235,494.80672520570107
61.21458808508442,45.79879634867466,650.6942329472281
53.76508941464987,42.18666792082506,586.1626220625653
44.184313670688205,34.40217314279465,491.72637758562576
54.7399746329636,48.463542068319086,606.4594176424691
50.82757297465228,41.75685468859128,560.6785304282844
59.61200543230921,48.650583003095605,656.5509489586178
44.43472814850043,36.25019668111139,472.7741596734913
46.82727030563692,33.96220347387555,513.9571638742456
47.54419862310958,39.98047013720355,506.86810315546256
35.20341735846165,28.064587555336672,389.01335570546695
53.118473151277946,44.38040406824025,582.5732304771034
48.61415135273468,38.87287047831865,578.7160799397878
51.88378991582957,35.3796313550915,550.5624802306706
48.34710561804452,40.57697190707391,524.1954153287338
37.842312799215165,29.80626264188924,394.3092183744545
40.00103601595903,33.9286827548046,503.72901449581053
50.74960424429376,34.64929462396176,512.3014031820553
41.69804805147346,36.95808619947135,461.7495003856219
50.60350851681494,35.14147862806994,532.2585717167391
51.96069671389432,48.1604257142842,594.4455942495991
70.08740682223043,52.38762500574064,757.4804491331583
49.63894700197108,43.311798279479866,569.2035594115023
51.32796598583603,41.07454769853516,578.3305429795041
53.0836035500719,41.21399496711769,541.8109492657215
30.43092304548289,23.01748827126509,338.9351663171054
50.16972699186728,39.29951027818938,547.0834737005862
52.34243756078777,40.60459920571538,556.625323093513
75.62378490079807,56.69937453253788,820.9566323733816
48.37722816247593,40.6835853180114,528.8402938740765
53.74539542826857,40.87273803925415,583.1702076566974
54.45971347342412,39.036506096338,546.1817053324232
38.19798202973751,27.667527575218205,421.4454158618515
61.83042623858015,41.45558153973424,675.7105095966523
59.62063911888297,45.442380973693695,632.7126335955453
60.12137133634644,53.56610184118313,637.0135141747352
43.28018606317337,35.07871322533616,449.96737997257867
65.30540355341935,51.16457334828561,704.3073742029709
33.69547954661623,27.996519010036952,395.7963830928491
59.135434002604896,44.762254428838304,614.5542803180298
69.61186547206242,59.16500235200546,790.9501188390976
40.69990767917118,28.53327095302796,441.0410042356243
42.828471003933565,38.81258324718444,487.7072497436951
50.86823695769042,42.94335486702487,560.9616501596405
45.62276827944497,38.12675194419422,494.61767804721813
35.13608012023922,28.910119767900124,379.4270225827254
51.52947125653084,40.60735377153019,557.541927228663
42.604385400856245,33.52015399809162,433.14659149012846
55.64299290937978,45.5641818463056,602.0951673698701
40.31744438708068,31.58248399330651,448.8633342342817
67.42751838675211,50.67866992144962,720.4927845519294
44.54640805448691,34.03954254709606,463.8421378430139
44.32416920766926,42.07056832484015,514.5732332173757
59.32997231339641,42.79081651199566,639.4868939106636
39.09370232028225,25.75050967127104,414.60492519226494
51.67947233932131,42.31396200054259,575.0205928064543
65.82284116944751,50.60980513982748,693.785702971067
33.62505648032267,27.660159116621404,373.1768441982649
52.09749149226612,42.20893046198394,570.3097244385534
52.252684293916495,41.40945559008297,578.5871073673267
57.84938681293604,50.72417329002473,636.0005158955041
35.437942717428776,25.3016823775458,413.9354218034109
33.915332103968645,26.95085602098505,404.7497725607297
58.40842578261892,43.865768244488045,607.4135722178587
51.275924035695205,37.44631095240299,582.6683140556504
50.52214380454615,41.4763795894708,577.5542135380465
49.15770186776233,47.75599617315986,588.1093030446673
41.921829288836086,34.62246169225996,475.197280626366
49.67635738479504,42.55013229444408,575.5479066877105
56.21475505325955,38.56408549087171,582.237972062855
44.87611999842159,32.43610443167062,471.4213440170995
67.28144442109212,53.80060694818624,755.2351962259232
59.243200819806496,42.83751807702561,602.1216213002966
40.0504960019567,34.31450340739012,418.95661530770866
55.91587331932105,46.92550205124601,622.2208969497212
35.25437186797964,28.868172767370336,442.78501627499475
62.452731182606,47.03619116523564,636.5793064116697
58.806810856546846,50.763429877549584,677.4455136908144
38.50237932256911,36.85498856875012,459.72494498131186
61.6789021564625,52.4486310936597,655.9713742168753
59.00731408204353,40.25696484000839,595.4059019630148
60.989147236965934,44.1439087463249,640.4266175993939
70.09574806664419,51.40161028448774,758.6472280919343
48.735627523301865,37.33483549465609,523.0073072396842
44.16946947398572,35.36918580847909,467.08902192067615
42.6227128833183,35.84588811276312,452.1534127411924
42.404279998284366,33.24566464934893,460.26086865380177
49.43738511376271,38.42364375492264,541.5188119644486
53.2863334923674,43.184489775279374,587.5267172298309
51.25897881556684,39.70809768975008,580.4359879263021
57.71048233662669,52.88608215737251,640.9901573939626
46.74410529038831,35.28103205366909,551.4302081065698
64.33866151798368,52.18249435394572,709.888748487305
45.37624945331861,43.95356399178527,520.8877483438248
74.99451303146465,61.78175286639695,849.2186083248581
56.61646177995702,44.43522167711557,618.8234082541506
44.21242900852637,32.07040328023846,455.71266879420887
41.12770823139351,30.89168497022388,432.20182521327763
51.6837229451855,47.97832474597508,603.0719656767504
45.786115873600814,31.57671198340467,525.4190936141564
59.02154731689735,50.31230505662571,628.54005435013
52.76740145865883,39.51402953923793,602.05613870309
48.82244457343722,38.617411711041775,541.9888196077441
42.632167017365056,31.937916994556776,456.8526910124755
32.91483884341408,29.646882011825245,383.3668052845549
45.74560149162171,31.633507327812595,500.8833552726277
55.89593695339831,48.23770835283361,644.2038673755819
50.938202153399615,47.7856788229022,573.5503118543224
38.18217608116519,25.94456775652566,412.96873434168134
48.54582179144848,41.95456590964064,569.04990184363
54.73412327320917,41.09659250444087,592.384911770172
41.12215004013531,34.20680212897005,452.7756820178754
52.64223096828957,41.28724417981148,566.9097616540081
51.02991545258932,38.54120902043507,556.40295902906
41.29857788164146,32.31985447196824,424.27326723863143
53.82832260877865,48.275343212146495,589.3566096383113
54.74903418143184,43.91356483576398,611.6862979005058
61.07510743781733,50.82368377184676,669.1356367492804
61.62461657842181,44.55059754266574,665.9182257238393
36.3210264610805,26.109335925889244,398.45636952472
40.70293298325654,33.914618514320146,446.8392456093365
53.74636929647309,48.57263022327717,606.6538793929526
53.81205767402019,45.17712765365465,606.516454600343
52.34526631946109,43.18120739887892,606.6552454936653
92.0264683929211,70.81972614150784,973.8004639720194
53.2211786361491,40.81590088363618,612.7979561762484
59.96984600621417,50.89807110051089,674.9122204198659
58.10320310379363,50.27901329491585,654.9401939842523
58.303761266946864,43.85485901194715,621.6530376436378
46.25740819701249,36.06771959959873,515.320383089562
60.08517635028014,46.869388452902285,633.4866142542595
40.924766606136544,32.50723907557764,464.9892264008671
48.18980225704752,37.90705330220246,523.9499532585991
43.475670415189455,42.41625698486672,496.6100097387986
55.10903964941001,39.9139160128526,559.0061553324955
70.77138882867607,57.44224807732441,804.612442334086
31.946989494536574,23.119253042360537,344.6008288149077
58.13015566560934,47.722657437495926,625.4886209411965
34.700439483006484,26.55460051082848,372.6012541691384
44.91010602435025,34.27642595872025,498.0874947631624
60.62986457020681,52.67551687255797,669.7845656664103
50.73042313491285,44.77304916630462,557.0708021005009
38.92854821744996,29.57677107934944,431.4480744277763
44.77472114099014,28.67795047183841,471.3165919814035
61.21702349252946,48.459323060988176,624.7557523828144
41.58135011281297,32.1031774689829,469.659670511115
49.42497993666159,44.10354551414411,573.8104448540172
50.279154302335634,34.45426326609501,555.0129023894195
48.64341519925046,37.46498923405139,478.32396176336016
69.83209175731379,53.51803692676026,785.8338498257857
59.61742383406825,47.26364453574367,619.7310924549812
33.10397576157681,23.84167851024845,327.23431546766324
50.75736666427829,38.62981625996549,570.509974624637
44.52010151068667,33.48459934307256,477.2034888754773
61.78112659421932,48.87842204923989,643.7676668275847
41.31653713369801,33.9775174518841,462.8227187724029
48.445474865126286,40.83534740968226,537.378991438641
53.88651096190728,49.969219985390126,605.5486006878504
56.62803848031548,42.23331671822782,645.2330713587133
36.69848083931022,35.24926646845966,417.9673952238646
44.207107108066005,37.63705792584206,513.2048640574958
45.31871382490889,33.504085365742974,497.7560157722948
41.92676121214559,30.78242526219333,478.1337844168917
68.12211422639245,53.55627274991767,744.1999664309205
50.9380258172023,46.00480402346103,594.5479882057052
38.05292092107846,29.530281004187035,411.3027650231449
60.845677393765605,51.876360367180254,650.9648141760254
67.23409068498341,52.62372250594639,783.4371816713897
61.07276574520661,48.22345524087101,663.5711786606262
37.26163832540645,24.08785993912854,382.8693037450586
42.73837723395508,37.21702306494489,496.73425198471233
66.01425626554163,52.79595136378488,689.3602264105285
43.76134336254428,33.0763588940066,472.15635878193405
53.02817056994547,35.73791385528843,598.8201370960852
57.63480237897795,46.79391686782418,635.2097458772271
41.84734910926261,33.89477188257587,448.03764812641083
49.556757222206826,40.736681416390695,543.452210833202
18.66483858420201,17.77720785491388,193.46059259240198
37.91477640049837,28.591737830378538,437.31735945322816
47.81304013414056,40.02010310520607,522.2175033467524
34.69473918654155,33.59525708171513,412.7438499838666
66.10166091661895,47.723527679433545,729.56524343248
33.89077093746409,29.51782445407187,392.6844484243304
44.12849524785063,34.96710461340112,501.59510646333183
53.77959212328179,40.801356598983794,564.38146350147
66.5953531318497,52.57321576314394,708.5400617972728
36.85965473001996,27.05141709822383,392.05516337026165
59.44701199220444,47.27818577975484,677.9480127370455
49.46951371080627,40.18432174062077,551.1256367121546
42.61110888947886,28.88619297502799,442.0340483847254
54.90446856991252,40.43935240745061,600.8313821689597
56.62925603569809,43.63059741345728,571.8965665130818
44.7844669072008,31.75188287725368,483.9761435125326
51.082119082880254,42.55735418264779,557.678229348902
45.5286311029774,38.30526510366777,507.6155043452064
51.40225526207705,35.7307185756382,562.4869079776373
56.31636707244938,43.264351439161416,622.8343741973151
67.2763855148307,56.270462738304936,724.4618497759886
39.53524964532068,27.15397941596616,413.8402951290466
69.75835482554677,55.671054210321984,784.6336712121894
27.816656097659425,25.769480283575675,335.2703420525248
44.80973830343757,41.13589076756312,533.3036395460857
56.89915471867085,43.95192099374313,614.7148927133035
50.603185465002575,40.455404357805335,580.9091054508535
39.4672236158891,39.28551342653078,481.50305281973465
48.69593470548917,43.55172098853454,527.1065524606997
50.05598968827725,38.99256667507473,495.7698971875284
44.0942106074781,35.541036372141384,485.1698767361368
60.17300251911353,44.37201961124542,643.4562306723127
53.7338135767456,40.36479066805068,589.2717034561551
42.87312474101117,36.02426555371204,473.779944521328
60.83415172030804,48.45199366613205,648.9559862976574
52.49244612038879,46.66319194585217,583.8029472964271
58.663405816533405,48.454247228320106,639.4148330722857
56.93968403162815,40.52778983010944,619.2591726115974
40.373868983493175,36.52388276579218,458.8105487985721
46.38227429710335,32.524369796481004,488.38008557833336
57.1230165378418,44.82643502512904,632.2022965635588
54.59221233534896,45.63356274222281,617.1407291976811
50.864003747499325,45.81978971763871,547.7008246639436
49.37633786950575,50.26837473448634,562.906012163966
62.83301127262251,52.04148834371596,690.5431385367267
44.066048118353294,34.7178390331522,484.92714722805874
57.64276494336353,45.98029599480195,610.1807119287041
48.927469941420966,41.04542505815036,527.7588082322717
47.77313405023751,37.296547497510666,526.0550676450058
62.62330111827247,54.17584888363449,670.8654537185909
61.03457858791492,47.293543069478446,640.7957983886832
59.25071697271011,48.00130635527929,639.4860599600703
63.075493311230055,52.441603213398025,693.6026687869762
47.58636595162727,41.43279056490544,552.3104225796035
54.68930238679889,47.97244527176855,625.014826842446
46.2868830253561,35.666106387611585,515.8706567747198
52.022639120565856,40.91842555806945,585.6582987737287
48.32462685035227,35.658392866143444,535.6842640195548
51.0832594997214,42.09447141180242,560.669556149199
57.0109557630826,47.098065714031655,615.4672727980605
41.67679561154709,34.82755313258787,459.995724844318
71.89687604450701,61.7625755055263,780.1626003254007
40.06877501462322,31.935072891515244,439.33808803503274
33.90718073941494,32.292716064475684,416.43925259334947
59.702437947363165,45.9897843595826,677.3921960850075
57.62845182818613,45.17200244428029,637.082896335923
53.82180868483933,47.079571809114576,618.653179875737
57.483312552635205,47.57407040634367,619.1180060190708
52.93903393621825,39.02012497423213,548.6528549868394
43.46497998853632,32.607167272539144,451.3020191365585
50.33115984007684,36.05281522550739,558.3385014013098
46.209835158578784,33.51161870548328,475.5122117336677
60.048532248581736,50.47210735790137,657.2631706759527
47.85525424274253,40.54915599630259,533.8236880347647
40.51822270499301,34.89801958980354,459.19530835282376
46.181202210493815,37.578234328318935,514.6475574181708
53.35296090567378,43.32464111008952,595.4224599703186
44.70358691671122,33.509240159147865,487.99029919156277
42.09894400643542,35.51872209607616,459.5557564876926
52.44296415522596,43.21241652510348,576.8055932641104
53.32354205057992,43.43578911284818,576.9463228219595
47.311860795861385,34.36635006902822,494.2362507091757
47.188725214699424,29.771664795439683,498.18578638198454
49.35070343667656,45.14785763412218,575.52549310934
30.41131431522285,26.9788128999962,390.7107224352943
37.794002078713,26.1519625128582,395.17898481857895
40.0818003906448,36.3328829657225,470.97113566223203
47.415997679096165,37.11638486654783,526.5208133116969
50.76884960386133,45.66706967692391,584.1998322157806
61.14960129433548,53.65386758432652,712.2891838644507
59.65952168842977,48.91198495521759,644.3425585522222
49.918925020971024,34.622624626690985,532.406761704023
48.65681711951967,43.48370229293769,547.9082171307042
34.792621769332094,32.763516676599096,439.721769889841
48.72237974357113,38.74406349432228,547.963555040837
47.89702162160371,38.12089629066565,518.2475497187847
50.26936246583264,37.25304278400976,585.4990416371899
42.09441040403509,34.60811088602343,459.0045962092444
55.16284544406573,41.06665758938317,607.128116566529
66.48597212922796,48.20390044649002,718.6012804302836
49.15155925225973,34.562841253691474,538.0363836697456
52.0709793392263,46.5517589017613,594.1882894308835
59.29458292044011,43.63336175261054,625.9158390882224
45.670736135087694,41.3914193546628,505.8657480925581
52.18631573908431,40.185335465326446,574.6501729991459
48.25938808967156,34.97866533347552,551.3851640859974
50.090196483105295,37.43183546854468,560.7443708403715
40.50029673339154,37.52335658917709,464.9689237758987
49.89920962274258,39.72838686026154,552.6961191684837
58.40339987273919,42.339124440491794,604.7798120369995
61.76763379208771,52.08920353991871,709.6257968574546
56.36558546509859,49.17951481718429,655.5197908693727
74.47416523010278,60.57765610779984,786.8500703262712
41.907877016815775,38.20671718657439,465.59176808231456
57.38506088988695,45.89925915639817,645.9552700392748
53.91322943217568,37.48859298766071,570.1676206312187
70.68679825270299,56.27802798237155,790.8783226539439
45.56903657354236,34.31445523690745,461.08718861093337
42.95863332087077,30.39094848392196,457.6305973601147
43.03025072926837,32.3334060917627,484.0668090011576
33.07565918343293,24.0401978501712,316.3714703259212
43.53101993718572,35.64800277184256,492.1669476151163
43.892864128481634,34.02532969380518,466.49540722909325
52.10252302557506,38.927664287709455,566.5433165123828
56.02104233656919,42.04284566359998,587.5931573354875
71.88473078561258,52.23666728092218,756.3787923137476
59.56824667999204,50.273985938862765,654.5466222004655
42.7241277026836,38.49051875887204,486.54059787713567
41.93579757239465,27.274119042498853,451.1743861516806
53.56376097556084,41.146820791474816,604.1111088657156
40.82444242484682,24.948546578564624,404.7743472277293
68.58765832070901,52.701598323614135,751.4604642439788
61.06375810458865,49.18520705639922,679.7384132793416
45.67760409068277,31.897659124066774,498.3906782684825
30.17440213003183,23.52934432789704,361.5552018000035
61.59549566463282,47.8191068770788,698.9259611581955
51.25542936336267,39.705483226175886,537.400617022212
61.06437456179182,50.11056350689645,686.1597943170808
31.96190144669245,25.079366069633306,374.61295753261965
45.07955527551684,35.735462432788005,484.06874747508493
52.42384530650782,38.40190934398367,550.5768069690001
51.90771255897756,39.56087941913978,555.1678653141216
47.4914406568192,41.41983249906166,500.49279813728316
54.71490914633606,49.00418261415104,618.5134925582248
36.48017437269037,27.56029285415645,432.5617527679146
51.57887245369804,41.35016137346717,534.3382566476577
50.55759663943472,43.39655471716997,563.2325194883089
54.6427223076774,40.67072080621214,606.5882717464624
59.77253706458701,48.14925195597571,628.2776365897779
39.86603910042263,35.61665902053471,426.28936989783443
35.57063383680699,24.359452215381783,381.24744121908157
67.10677290878726,47.46890611214528,690.544450408836
52.03610365903563,45.71149649636724,586.5545413177551
44.37081489059693,34.82659364002451,467.6664809787791
65.6255460050194,54.06364462989876,720.6267173074776
51.6939309006551,41.94716472354436,562.7242097722144
64.84990869346333,50.60646523529505,679.722690247021
51.69085632668033,36.56073146634762,557.4270329551119
71.68407140691913,59.62793651892024,776.6822717370186
69.69842309905164,57.55149671682895,743.0874926687524
46.78045305612349,37.32011457996333,522.6139436673019
58.03729017486555,47.64213675819326,656.8728046049791
54.3641411078094,40.569685089014015,620.9913544543662
59.75360239657149,52.4918167283123,700.5494713285584
44.4631796540796,33.9967846405016,443.85841933618855
54.65409786854102,45.30183862898958,625.4656605998283
60.14173762132434,51.840455974408215,666.4266935534547
31.85897853599101,24.927852415675265,356.53865649345744
38.78222826896045,32.227749676354605,419.8415636067648
31.23915264747759,20.62714956184285,325.6844604463889
49.02687863227391,37.77408887182083,520.3652482110986
56.00926768082174,45.21727527265919,628.9296481375559
64.68932709338745,52.69478018289105,715.2592757305631
51.30610770517435,39.48417745685813,558.1504258461753
65.78877320334583,52.634506577555335,729.147710012842
39.41367656989107,31.437329848605387,398.188839596362
33.94812550972495,25.062647773444112,362.627931670933
50.914278583133445,34.73588710661102,543.8897531213719
55.1664170267279,48.32127530413072,592.2471993833238
52.02000023402972,43.88280425131872,546.4035777096498
29.687622117008647,19.58367511436413,322.5813689956137
46.51513570896042,41.35616309963328,540.1967956535933
37.75468089845676,28.05531968430715,406.50835494446613
55.39401170071673,46.14784203663349,623.6639803713042
52.608749097468966,43.81545835581527,590.3258070706532
41.77393017423664,31.7777383084322,446.6132235039909
47.337896969500335,33.53776766454727,493.4746390929637
39.45040793458261,29.45466866793961,433.4865125922153
49.99087505246621,36.7499914753709,543.1052992999511
62.95585309428286,45.145671939318575,655.0656552551362
40.6242458956217,31.912656759167582,441.5701349030902
60.24383138353924,41.88509215681051,605.445116706963
45.82844310753868,37.80409525015833,491.67166197903146
38.54974615906493,38.11875580790903,462.78398845114214
50.43637964266349,37.40359739625342,538.2266604049987
40.40989354557181,32.43627492225114,436.1233445338688
47.04301245469367,37.06986088813135,489.09857641181
39.36758377665143,31.832983672047035,418.23343181522677
69.37033936119634,55.94566686707938,766.1197646208028
47.90403904713856,42.510155670853,553.8789907168901
42.584698405502095,35.84894279410128,473.03019412081557
50.43875819892362,37.99885201889189,573.5377901807644
47.715672603482254,41.70884379564118,537.6439145340087
48.967460813508985,40.89411571553444,525.6933440513454
59.48147600913707,42.62347528781167,617.5583370047768
58.36442016011902,46.17387518672125,633.3258481052036
42.30322239982435,37.80597779754899,491.64487376284194
45.131022929993485,34.76551261610447,486.6599935290852
49.64274600177486,41.01852056608489,519.7443133133191
25.761222544005385,28.676248165973405,296.78867187908565
34.58005504466864,25.52051340450664,383.32898315815925
63.69811906390364,46.79186033009488,700.3561694188977
64.87988050884836,54.0711974948249,730.9464484851412
48.80620047212393,40.17239919892741,522.6060356487984
55.5236733333421,43.91985658291183,613.4212659361343
53.95156643324942,46.8497832263114,584.2375169997889
79.01382372894818,60.61522906847216,888.6768889300763
60.32083251369895,51.03535516057145,673.1532402578034
50.16558680084788,37.159076805877184,535.9290649371156
39.698929289812206,37.513810193818486,444.89055153395316
37.38946449989109,33.125975497443775,373.29090477166704
51.23536398744302,39.32773932358774,572.3809999453945
42.88586199866074,32.30052262999983,466.8014180187266
37.64264456776944,31.200733984158013,393.55209194425584
40.69753969170867,33.66602497669125,478.8769827333221
35.662902339894494,31.211382317288123,431.02971960241655
63.82010372158545,53.57329834220774,735.585579857982
61.34156577634887,41.29409858700264,646.9803732644395
48.81655729504894,39.89470563118436,549.1230094551721
69.91583996023677,49.77036978892769,712.7938552779029
49.645187879161405,39.13957799398163,558.510513841238
41.75626059311144,37.44062239978033,455.258737853891
68.31546067783232,48.41547193531948,717.5436484996623
59.40128621316484,46.7508959097212,609.2801048053125
43.75054561000823,30.865141974392927,435.9029230240898
50.513345680350206,37.63801006984364,529.0627454108031
43.29194251777536,35.36616966107708,453.6819921276767
37.357056588759,29.95775603599198,397.89202959392304
60.81849762764969,49.12125937191173,651.8795302284806
67.99179497204423,58.179887105359626,760.0358304517142
34.37792649496397,27.817534259896902,396.1575668798945
55.6229434520838,42.667043690001314,611.9266160359628
43.15320506373188,31.539407867352,478.42931739659906
44.22229006369849,33.626765339945564,496.41620778588344
45.46883565252474,44.10813188201522,484.8366683337244
43.27070272034286,36.82211258477183,454.9610153352202
50.66203005203196,36.33494992493455,555.337379073931
44.64555899800014,29.38502519848099,458.59548719478585
50.421190029531374,43.60925279139418,579.7502508357824
49.1102999869492,41.23988951654081,544.473807960595
46.17687489013029,39.73506713102082,523.715714844695
37.191290145437904,31.974623323006128,450.16799717542426
44.06692532263127,35.00946657544464,486.5551536374834
57.310417241491,47.026768379084125,633.0930348408332
58.03607136272807,44.26501651987504,605.1008906386819
41.486070921124046,25.521656923368987,442.4689230721594
48.94494940563385,40.10525955170823,560.9265535972149
61.22205636638627,43.45687768419337,632.6525835708968
35.74801457983699,27.170392007754565,366.3654190766491
56.59779733073658,53.30265854684971,609.7696211617929
42.92079421284187,35.80145492485614,477.11138651595684
53.78710821248463,43.62420029022809,612.7658535452475
41.62299488243273,36.65933125359162,466.04149278032315
34.12867623276318,27.009006856311487,351.4629689269029
37.49374823303759,28.239943968290223,370.9703318328521
53.5673365231582,42.20523135293807,555.289344132752
51.61952617364227,48.24741070826048,578.569475189363
38.71759888237789,29.37280169318699,450.52517123851516
56.66769708159615,46.52963590065336,620.2451704655111
29.847920646184697,23.928696111903708,367.2327931504144
49.9855374418964,41.13789954984822,542.7312221487952
37.5946328297781,27.555810867442062,416.78821802612987
42.549565918241925,33.53321069676748,478.2980281417625
47.28458057863055,39.4939196278176,555.2138538448055
42.42306656029991,36.04414323576251,455.3545298187653
45.08904287837792,39.67891897798864,507.6988901347192
57.72309442072383,44.31319034437637,660.6922090135885
38.48655687820521,35.549667376814355,486.5418943524536
58.30189131055015,44.556797332273625,641.9261323271656
42.2474346467633,27.18683043071305,425.73224598766194
58.62056020824856,43.58738227204916,608.2784595706811
63.50149369340647,50.60710059989575,708.5725482723691
24.079130878003543,27.50699345801825,278.11910498599815
42.96859595744528,34.92371743231827,462.3415218982475
53.77395039342882,40.483724515181606,613.4779339898594
48.57312993920901,36.68131489914323,527.6650075352708
55.24361929048247,46.03331687325867,590.826046070844
46.41401458061041,41.43344682488321,483.5616294612598
50.665589721769095,35.934768363069324,559.5248766220191
48.03588014572528,33.11480896144623,532.8755041068713
59.921855443084944,54.9551520193938,678.4560267825788
50.89044772493241,43.20420927852242,577.9862927631334
52.92306883694897,40.09594310097252,587.1362928282722
46.61596135240768,38.30887152938757,504.6935337265286
46.95110701174156,28.19190699036941,496.3633153520257
44.0680602204431,36.54966101723452,502.4185993398417
56.92989856170201,44.13908065755563,593.3897356616126
45.24790798971223,39.40493457205138,503.6917071097711
52.85501398026726,39.276510998293695,581.8752342586055
69.25958462815873,56.86026787337359,778.2940878509983
53.86276651377104,44.19272374927478,645.8237173774862
48.50785547104369,38.15796300968022,514.1374114615376
63.48582701582431,46.92367241022248,682.1335314380339
45.35659115554806,35.511094498346935,505.11170896762934
29.75273608267121,20.707557534206483,325.80630113043605
40.95101532623416,33.88871823813174,439.11050579908556
28.16698907596836,27.609017981763152,344.2128886871559
45.42675980489432,36.48403041779729,511.3335167554561
51.772713151139165,40.262061018396494,552.0260217108507
64.25579427641433,49.06572425430163,734.4081043502811
53.85638960197488,41.71638904609294,585.9620111140579
45.09583110266455,38.09658191840386,525.898941831025
59.22691577670195,54.49762392255785,641.2346139301839
27.817363945326186,18.97501645061444,306.77511600913266
49.12588194927464,46.27744818112584,575.9176013919422
60.03813064778401,49.15749787149316,634.7951713275663
33.744954388605485,29.01321924723168,387.35551296421744
59.81703555804053,54.42589379824084,675.8129447527622
53.78610246940603,43.82428767777591,587.2346048243855
48.14439555984941,37.845174275797376,504.3183294709119
54.29617502310606,44.90289296979764,619.6060052716914
72.8302882777399,61.83624950969105,799.7762143584836
52.6762955512461,44.744337741900615,570.0052880564344
53.86841707752965,40.10873282791405,577.304264493037
45.75927411515201,32.36737121988175,499.47030105057314
40.76750062718544,32.5923031320947,456.5171193588729
56.648177724145015,44.24257083916103,641.3369398198669
41.61144950700408,32.960755668883,455.8307791500246
48.57138434822272,44.28484430180757,557.8722860941332
39.38072456535962,34.8068354606187,497.45768085583717
55.66291786577926,43.703368462036416,602.6877808321032
55.14449073504187,42.84336504672077,586.7028315815643
55.64953457149532,50.84561220067906,664.129393868369
42.88037460203265,29.17920080720821,493.8981961259778
48.53955916907668,36.020899633357146,520.3137571177292
44.32735378160033,32.80374135057996,442.3359912639462
45.5986548145897,40.04589078867169,501.1277413916277
52.31699904799025,41.542696601840206,591.5030542349338
57.20409328424384,40.42625081503719,633.2687478309888
43.528099596520114,34.48181174447741,448.56181434046124
57.404130842807525,45.0507601943684,645.6566512116226
61.957994574749,47.27610289316853,699.1201644685447
53.168861987872944,41.43444305664994,595.4778393546071
66.86130090906323,54.46079042749698,756.4475393813873
42.50744864095386,31.99545241355678,464.883188098607
40.80280988382495,23.426064202211457,413.0879826357441
32.858956057189275,28.46143659942717,354.3407726205294
64.45573611063925,55.79297961574963,714.5648742638101
55.96003402570949,47.18949122485098,621.9802221989464
46.317771673502136,36.14226562144191,543.8856861998499
54.56590581749252,41.635274408716015,580.7965488951803
38.58943513299063,30.97652367592461,426.19620479717855
74.09655996898702,61.36239900562035,819.032717757851
57.678426955442,43.038790921956064,564.2143300172751
51.6914537627803,38.67263696050366,562.0334274065382
55.75408413879655,46.05211966043022,629.8343286288562
53.95737712495605,45.21991506773944,602.9110154910385
54.53573166118482,46.15853916067335,574.6272426707044
42.321796266622414,35.78972397591168,463.04780990101574
51.83812761472522,46.13891691921452,601.8615192849596
70.65870283390075,55.30767585558837,757.0226946122538
62.117912290471786,54.99473780485033,697.9962050770475
69.67846181882906,53.97478140099367,725.2505289303336
47.04793936711745,33.32701085802981,493.7662755925697
39.20930800609669,36.29327134830693,441.1434697715561
51.30416352247374,41.0874144568199,536.1634387890388
50.69296014394176,39.11666723492412,556.1297403517564
62.64746253495392,47.31505324556986,670.3610670318044
34.04481933744076,27.35000959770373,363.8288907313699
63.60278988462439,53.62595694148767,718.2505351406676
47.13282134957518,39.32781360826171,532.619131156311
47.79111093568813,37.518877460749295,503.0430823057838
39.20940558318524,37.0030371216478,438.66851872138153
32.64413635485831,29.975776081778505,367.96576609476534
56.32146068092044,47.15727144549039,640.5487642358106
51.58037780307096,43.41047547980968,558.0649763907244
41.22544084107575,26.58274109148895,408.1043010284841
34.9141464508553,30.833150973331502,407.5413350730023
46.69059192044424,42.74164145487831,513.0636830780859
69.51465636372478,52.698034516138016,733.5923677818331
47.24480370387252,35.38036740323391,521.4449513500035
35.8733140613184,26.01858970927597,384.6542751570083
45.4177823028468,34.76515637528529,522.9682629505461
48.12937849693859,35.463925717635526,520.0004073277562
22.656845040575188,17.31338256069734,253.34246927642712
51.4285113261816,35.34894001032158,544.0275646830406
50.06542680104272,38.199378760179385,524.5972016770454
62.14119093217141,48.276482439867294,626.582700129476
69.6488272958806,52.068380219122,753.3851704439879
61.91724292864191,53.57037200730736,673.9221532502532
47.699881697606365,39.38126674114414,520.4222440389686
38.22840832696192,34.23953448693881,428.28215003841626
76.41056571942198,58.61337476444248,833.0695783574847
50.001381519866825,43.03732315331576,556.5140277415937
50.47621487166869,36.83563263411763,551.5322221104241
52.39394420011588,42.4777418056295,547.3462404178997
49.96776247711927,42.10019610552344,571.7893236844641
50.836153003018666,40.50487036456282,534.1203546883663
46.897610065877366,31.883920128083552,486.897179243174
44.29527353361392,32.93991894324705,489.84551646355686
45.42875749982282,41.529658493032166,546.3971402762402
43.35010831447349,32.80755781825728,490.2232751752859
45.465531266350574,35.68685261488005,471.586963905512
51.0185661523212,36.75002840215444,561.7073250461086
45.45162336120162,40.50470489863316,521.9525060837058
64.03038004337046,48.33437396435599,715.4392287440958
25.171541969078987,20.44914134589448,258.39332107676864
62.00853565562738,50.6089476163177,670.0657537114708
61.9829877266369,47.87836608469231,687.0693711747392
28.53244885228913,25.158957841988983,321.9270744351036
45.78960776110888,38.03982603735789,512.3043646511618
44.44077097104508,35.41194750345545,509.141504740463
39.15563443176067,25.714242390028804,395.17371358103964
41.577192185668565,27.88958942425526,464.44016436500374
41.32855858699271,32.164343378172454,427.8366569987588
70.56533653808114,49.32375523330282,742.7497487765986
61.35340572777053,47.77145974350362,652.9246232462207
61.85231032450549,49.38209611170653,689.8710604493574
58.02418082110557,47.81080483866048,629.3839270447559
38.66109107504588,30.061449331792577,425.8043051661048
42.94739361574201,34.81549451072054,492.3027707092249
55.54246417572239,46.11060860268824,603.831201735071
35.42064232876094,31.22815161611679,415.5659410218861
59.50534307864701,46.65245531292744,628.4298273189627
46.66751142382186,39.4851995841605,523.5642062026052
46.654111236249705,32.3947171699819,508.7697111695443
57.6761754251272,47.95804578558888,628.205596502384
53.924823167452246,45.39151287392912,598.8689642634644
47.56372594475975,34.06222128771787,510.2937217599012
60.64349072039744,48.54239700589138,677.5262783700673
40.93196131891551,31.233571516317927,431.08303396401135
53.46739670894914,44.52399450234891,617.752916763869
56.18377173877666,45.74638996345268,615.2411383765223
50.78239360497666,41.81772883098162,515.949891675461
51.26066757321003,45.85436436095543,585.874632446633
36.13337429509726,26.054433808623354,412.3775065976166
60.26808589138684,49.25842612457336,651.6429721127591
48.510142199449305,42.50758286706232,529.6607649912712
45.47402999335672,36.9786413979153,492.50046774290564
61.468466518664215,51.66501508225301,665.3910148420578
44.22600603169595,40.40206181276022,472.5221940402965
38.13478672027686,31.803438267412474,395.0692574000085
35.25334557861799,28.29489239873396,378.7707909123706
55.577584204219306,47.983345033019376,616.6610946480204
38.54085387744263,30.19122867932041,409.15277122540886
71.34770568963407,54.110062585729786,743.0273600182801
28.915438428397632,22.290322029789024,320.98776513279057
65.0155050735591,58.26189102281663,736.6102005119042
54.32433601060013,39.23285373979495,573.211921392288
48.79210655338888,43.82339827907121,539.3615576942569
40.20547003988244,37.14023967674952,490.0589004510156
55.68620449782155,38.99517039041075,593.9049725787279
48.55299660384368,40.80187025957548,545.8601827332667
60.85195225555689,42.526335533177296,671.3632070218173
51.80623714775842,42.79034523978943,562.5650413528244
51.88401697417691,43.858108540662,566.5331937608065
47.78278151213952,35.31403443533299,510.00265665647584
48.55957102164964,39.91507809809821,543.7359813906826
54.10422928527275,48.32488645238733,583.8581945781265
32.379222718265915,24.80141274596119,361.8814768077712
37.99576674071787,26.037793861984493,401.69960356837163
58.66337590825326,50.39110295956952,631.7590503424987
49.837776977190224,47.25468507661592,568.7951981940736
50.33213086882327,38.53922032472212,529.7618330012053
49.11241244042584,43.18186057074822,552.0277326371933
55.091932650179,46.80508138948601,588.2339875897837
45.33697782370907,33.45446985990996,490.62643516597024
45.89332009956712,32.3176446906779,464.3864802057457
51.51152058623311,45.25938558024566,571.542978060745
39.51763863161328,37.22806061520527,442.37899446234644
54.04368834536925,44.95466462623884,594.9078031285919
32.36780439195305,23.73988810559112,362.7158035338376
61.89144017714054,54.19442843370348,663.2071201058209
51.493353607257255,42.18786716586845,601.9857230654347
50.452932504846046,41.042824530996654,578.1632707745264
57.69130399629675,48.88854137503298,658.0960082340066
68.55535962857292,57.98627681784494,733.2021888908833
63.56492739534515,50.67688844980172,661.5807071519944
31.382359249608605,26.51760265043257,347.503834553519
36.866586886262965,31.153249856468708,409.24653365907284
43.891918549269576,35.13199538436497,481.26995645347534
52.58466710732472,41.88314694524219,552.8700155231917
53.32188393631008,36.55259193067008,606.9424922516035
43.21929983393491,33.30422711756288,470.16818055311876
53.81806290433564,42.21809992056697,570.5443440924786
43.44835901634647,30.503894290314904,466.9078774411346
44.263985203278,36.26682752949909,482.73304167088577
37.93548121665206,28.13329756225586,395.26727934669555
35.361202952892484,37.88056112605924,448.44434292780056
37.83890458289848,33.9055823307139,401.3146933822033
38.93311610397183,30.795597268826853,442.65394217249343
56.87515217236548,47.97662123816264,665.9005976268625
41.528416310730535,32.18296619251928,445.5661222284863
79.07113773869983,59.70407809022026,839.562027132113
54.65828197955351,44.5316181591315,604.2649690968979
53.75411033135462,39.203842782896224,570.3319736064361
44.64097871416516,29.74129175373772,455.58064418006654
59.63292770125801,47.47061270697274,627.0340867349892
47.52355079636505,37.283486142763245,486.6798391138449
52.7043531285974,38.56313123818292,563.4210796109898
75.75171266049114,63.16674259843816,831.6092992095674
45.83546937895916,37.33678761470681,539.4334110302885
61.00060828659687,49.95368232439936,676.4200658914243
41.28174255810874,36.83562063683027,472.65059323615236
53.992000530026,39.619254381913166,546.1512660453342
67.35623473149043,55.53062782150748,744.7880699199061
43.976739035691295,33.43497460603515,481.0336236433455
69.22745633205022,53.91018871369114,749.3693413796622
57.16472424729966,45.04443719100279,627.8527129001022
47.765434321918825,33.26053075322514,488.12865465163054
55.078778667086304,44.52893942309682,619.5648512961073
60.11475940674178,43.1345807004226,656.9809894589403
54.73315845077587,43.50101845631126,618.3990958438916
31.65770777865402,26.58357576076734,377.2752808120498
41.50509005994075,33.41436333591491,470.01491065926456
47.45074005038813,37.29535857797562,522.7729500893345
48.39706125996501,39.219239967619245,541.812322798995
54.82187901575907,46.40370133466362,618.2739307305746
48.96437508198887,44.0451592298636,569.5471101026579
36.4803452676416,27.3679494497744,403.1121205418889
50.79253776199763,39.43198024188028,591.8217636106559
57.62596938021744,41.75855272554128,617.1644319812206
55.76278398517941,43.01671481986354,611.5769492724144
57.89270425661636,47.590481850987445,668.8858798110084
57.72080339138931,44.36138903779887,641.7314370003794
53.0874879811032,39.785090641077815,600.5098087151281
49.936691906251895,38.07031182590827,542.2817717395488
36.07129155688637,27.25659239221398,367.2942973132409
50.54583725203437,45.22203415056738,597.2580041045844
52.306929029925946,39.989232337979935,572.8456455879424
52.39552278082046,40.93363723113269,579.8736720914911
38.57519439469784,27.005916466895595,409.55765665976594
39.61582785239276,31.25723016560957,431.08378055509115
59.0275898698514,45.87993692409079,665.8468138666194
48.966340590100216,41.40294220887037,545.6489330757679
55.222955260119264,40.09440610317866,624.9650767109887
52.43519803850181,39.1476579916863,553.1150213743507
50.34018469230134,41.14137113354119,553.273175344532
63.18521943126599,48.057773996775495,653.2112186573597
44.718231090197015,43.95074316620249,493.23507989608885
49.5443942355889,41.81836628923159,560.5732854635081
42.34981832772392,33.28963389983363,499.1497182424453
42.04875837316495,36.23763743927425,502.20541498244523
43.74000687930263,32.19788401185153,515.9910664184496
52.7555910183601,41.53527092517943,574.4347148797085
46.229963829825095,33.670842855689905,497.33765161701746
59.39517985167094,52.79221983126865,688.1331738130873
42.84400360595719,31.19452075845737,451.5931967558546
47.16516145501953,38.15472909932339,529.4441191422504
45.89627544122935,34.57547800959339,501.6295835898407
67.69422010004817,56.79237713038986,709.1675672789106
53.759226396846806,40.60870991373886,571.6210254162731
59.78138409887468,53.75242744618669,663.5028993415499
33.3620118187997,30.557972302059024,386.588358965933
48.36687185603398,43.58260230896023,579.3755292456185
57.45800131774953,48.22324580694006,647.859387518578
50.400579415098846,41.83966380885215,559.0512388202966
58.680444696351145,42.740825262485984,667.2028412571888
44.56460156481167,35.02504221674476,493.0982704889591
64.24717816777334,53.81025343503761,705.0282184204139
72.53926927257635,58.24449343853168,802.8787935981175
45.07160923395649,32.881721976072,510.0877583516375
45.882284129925736,36.27876647706142,500.9947226459151
65.41772607031582,56.73939236570808,709.872292482947
63.61492330242143,56.37725231244986,723.7529360303784
47.59326448795986,35.63110775467575,492.4853970131405
45.6009555644729,39.4928532944074,503.77945011945565
47.21985315728463,36.64620206801179,519.0036930253442
37.97192373617034,24.132781151245624,402.1104437862295
41.27991279768502,29.87738646373776,448.94828588673823
41.86486560030581,36.65554017150805,439.54451565727254
42.89627267936236,33.03564023367906,465.54226783854585
48.42827637685131,38.992368962780695,546.1846623874541
53.06515437577741,40.97420327146752,575.7636205790171
63.21755251349944,58.11641371123164,720.5550542095484
40.23357900416514,36.89104442017587,440.18105551873305
59.77676400347691,54.53091988815707,658.2754638324243
47.44387784319983,37.810953614995775,526.461227135194
49.24828788059781,40.49116378902183,544.5589919382323
52.98449683067077,40.84862828907046,624.2301441383264
37.67532996889509,35.44902710585644,426.50057762814714
54.009787264122735,39.55593931566861,592.0650720802456
51.98423486612536,41.98194435699234,568.3097429034361
52.86916235822957,40.647702529166665,604.1696390408964
55.42310212080758,40.54674867104645,581.80855082986
72.82065170267995,57.13061382613807,820.0830153901984
45.56151455854032,33.07445434396202,479.8486017323553
45.5444191737252,34.13465625053853,491.5903349498002
42.47614011606476,33.37006940382666,481.45454209327596
47.99585059361648,38.056184782058885,488.897516892372
41.238855063421866,31.586314602360297,479.88741599628304
63.72847365829552,50.17375652990202,680.7918184218307
66.20620711598451,55.01791144083552,706.2554672788841
42.95129664435195,33.894440556464005,487.2179076875576
44.46137486908637,31.187398742923364,458.4408869585348
54.21406253466613,43.07975057555048,601.8557112025044
45.05515681575,39.12139127083436,489.2554651290931
56.84996185509755,45.64577743490416,619.6224999531062
51.7606127255719,40.02974128298761,572.321532293643
36.46417539634725,29.325677033586263,383.26814735030445
67.06202945440504,49.07316516113122,720.2255721463067
64.46171278447886,56.41109991609302,747.5465440405075
46.48079358091244,36.32351239923021,482.59324404671753
42.798000424568805,35.97496210709547,507.3528284070418
54.92374631593236,39.77116573045755,581.4451929797395
55.59797817352542,40.01561155304583,586.7902468985727
54.40350986629791,46.87280619042038,622.4398699940114
69.28041681175432,59.76857781759799,771.1224992642984
46.019118388087634,36.67249893896122,530.5358049756545
41.58718549403799,34.98878215434682,462.18730310077007
35.59073915148325,22.704365120077576,398.27488491840205
44.250020665119486,32.39870648849305,469.59769560638887
52.28934776350125,39.64180741839692,546.3560329838823
70.73694625675779,51.62741265719681,747.4013649869567
43.69955095648168,33.04959048334184,493.0627571060212
51.81943576889993,39.78696494370453,574.6166746802788
46.46889465483058,40.74519501639711,548.1934814319973
60.272192601488456,48.945159132365546,680.7232600792892
77.19902752493114,53.50076570701406,827.9625668460984
47.92247791789325,29.39094935873224,491.60443497876474
42.63690783105793,34.263888926282696,496.1616613229956
59.25668025238493,49.72634677471324,664.857696477598
56.766103382345264,37.21261738883479,625.0080638588943
69.02739557499956,53.27446807743338,753.1378058309638
54.220074813416346,43.09268191305544,614.232100385856
47.25520118105759,41.29067660832887,510.4778700134235
54.95886961278126,43.570173210399886,614.9720313761541
61.058131264072514,50.01859559888605,671.9573938641199
59.29739030798105,46.98762886984131,640.2530399317101
55.08558485069485,37.66649280943678,605.8001434218028
59.7939751148384,50.83801916660844,667.3342158548069
61.47373629660506,50.000554239934246,678.6225149490239
63.644863991964606,52.582077847324,702.037489014128
55.74707681613217,56.968392220026125,621.3580876348607
47.81122707149725,32.4107165389694,531.617011165146
54.66443120534266,46.34779944074991,566.1385055076655
63.186928560966045,48.789729173865794,682.7159863159193
41.23968265406932,34.326501345311144,460.13707619140405
55.08064189775048,42.81284973507949,590.554063976019
45.39897289721437,35.58058050118698,506.7327306439903
52.63369750452146,38.52045979876227,553.1619305228298
63.52380301046917,51.21614110757742,690.6297048868029
51.696386392190576,36.977271454144194,571.0208974821894
51.35979933318204,42.62322988781449,555.1080202971764
33.25968628606381,27.872567657504888,400.4158244922089
55.2090007224526,42.57982051109669,632.0878922629943
54.06699179861264,43.81383487514116,621.0032599255183
71.91843342258201,61.0774854370314,787.9580195636006
50.38724764944017,35.93176885932732,516.1443941551698
56.654103569024656,42.82856347594038,574.1065360430333
53.76993903998907,39.80220064253962,577.4322052081831
66.77622174752366,54.893391787878656,723.5198607739823
45.444929207825,41.294158957275,539.5174914374353
51.70486765823535,47.777998706051946,580.6923678347374
54.50339759334892,44.33648024123467,616.8686160688194
50.62439603506135,43.49883739952459,570.5270035471993
45.19937621732514,36.72273370221261,500.8923023994419
50.996718773588825,45.44033528877551,571.3498992188139
56.77771787784614,46.43255683605199,668.099492484575
41.23066751812447,34.022893543343365,437.0833170647834
49.18421068998914,40.479665504824965,564.6266641561564
43.47728557883057,34.20646894916112,472.986710356691
66.09863162874836,49.83563048474386,681.4551291817327
32.92936176898941,28.57122595100984,382.44944047378476
39.35020648179145,35.17993809246141,488.51859680012535
53.20011030688499,43.66183455002775,591.4933062570973
67.85715956234056,57.25854640656128,722.2076432157775
53.25919229771131,42.43034696826175,542.7674712819713
41.98890554416318,38.1658675639451,488.92805206374817
69.80496914087894,53.68263797745311,756.927277638465
34.589240082277456,25.74816631198508,390.71847095421316
27.80004372519091,25.27545402175261,308.131344771791
59.68883119456739,46.148255978016046,598.4015895058666
41.97351709968358,40.40157823243206,494.7740353212128
40.29515115168201,30.018195585046605,437.6643901156216
58.0189508165244,44.978205612313786,627.9192092029289
54.60957978759069,37.031953222593295,576.8180785148319
44.555179999574506,34.30995763592356,487.95135061895996
37.81305709229926,32.74727634237119,409.1665161462016
57.941276147957865,45.58017248855657,645.9703061108158
57.04026566207683,47.12304880927176,621.5221295754527
48.32185681121135,38.63508377177151,539.0906549842679
69.70951374018875,55.74526705304601,753.1300695652432
38.5599316646512,27.99624769994378,432.2906757041232
35.49894907855698,28.05142698150379,382.1922311982787
43.0223936738176,25.491327528247872,473.8901123130632
51.79624033798935,39.07462339467006,544.9855382008952
52.33060704604995,37.05529586343612,576.7673394254962
44.04157448502293,41.68809508678981,523.4640336358037
56.04439696657095,45.14866523040791,588.7260936165726
35.67314115637032,31.387697552374693,412.33066333905117
63.130113363434965,56.11313551406423,708.8141064480586
47.98716562798733,36.49604101038494,540.9633703768176
63.92183450222291,54.1804562464517,672.9025414746941
49.15590503581965,45.5383774638028,587.6997881015475
60.84302925885783,42.94435989157344,600.2428541069163
57.80978642045415,47.96499868340646,612.6744008255424
54.92356342843146,40.262787942903614,599.2479416019046
56.31743959744286,42.66823959435733,620.6995035854299
63.86263345103963,48.80745107134035,696.2067783145675
53.00745655377338,39.98523623341972,571.6173286671617
58.38046874778524,42.502357132427335,627.9904133347363
50.21385198913463,42.95136364698817,540.1290736284051
64.58033351700523,50.74437452248629,708.4128936994421
42.84140013879265,35.64637648859648,475.5968467734803
67.70685776180113,52.69646936404549,748.1034476201896
49.2086039328512,34.21692649319971,545.5826254291222
37.95978917255365,29.36397125822988,392.6147387670147
52.468157593669616,35.288070393026985,564.0914856401868
37.30870615592263,34.34568460194455,475.08431767776307
59.71823704294677,42.62020327541137,642.4707903887597
43.86323259641364,40.74083616327329,478.21136227673696
45.50074815496041,39.16462070080593,500.91982234637425
30.32755578436692,25.2009355262502,342.15051959599157
47.72516224748126,40.1726694789714,500.2463048826016
27.65625965795615,18.070017454571143,283.3732740708148
32.61521642949555,28.959215548124497,375.77068941657046
58.418251135692046,46.68274855031052,633.6456121758727
55.91468811742575,47.07846151320767,636.4380174515916
51.495339288271786,47.22072099460002,596.8003317963461
39.07680411952794,34.4616671633057,443.6326242557866
51.24767338334572,40.48448013933923,544.7517508243823
51.87022469984649,35.006517378590566,549.6037207000376
39.44252394826916,27.85294360062127,422.5798841888203
66.48417459136749,51.65905961335003,715.3738131943866
59.80597947998663,47.29901544743533,646.5098519633239
46.507395071257456,34.84167543534092,525.693940878737
51.13270347929319,47.45011673869151,552.9574422893984
53.68464712993089,46.21624462934114,572.9221088742307
31.09123397538424,25.47247601378313,325.409164473328
49.90605291774332,38.238691523686455,522.8104879227343
44.59676521442414,33.90749910631416,474.9817327202422
40.68669631613401,29.13128454077397,439.82179891155937
49.3292975477733,37.98363921246895,519.078967782545
67.92382274999711,55.15474983522444,747.7455179534476
54.64467931021466,41.40146116369121,620.4927147393711
43.962076174284505,36.43309733347232,487.17031112389236
54.23602252394869,44.11488510437503,612.9841059491774
